{"cameraMode":{"drawMode":0,"name":"Shaded","section":"Shading Mode"},"sceneLighting":true,"audioPlay":false,"sceneViewState":{"m_AlwaysRefresh":false,"showFog":true,"showSkybox":true,"showFlares":true,"showImageEffects":true,"showParticleSystems":true,"showVisualEffectGraphs":true,"m_FxEnabled":true},"in2DMode":false,"pivot":{"x":-0.7087913751602173,"y":-235.62017822265626,"z":1057.1507568359375},"rotation":{"x":-0.12200718373060227,"y":-0.0003972577687818557,"z":0.00005654249616782181,"w":-0.992548406124115},"size":510.9624328613281,"orthographic":false}