{"cameraMode":{"drawMode":0,"name":"Shaded","section":"Shading Mode"},"sceneLighting":true,"audioPlay":false,"sceneViewState":{"m_AlwaysRefresh":false,"showFog":true,"showSkybox":true,"showFlares":true,"showImageEffects":true,"showParticleSystems":true,"showVisualEffectGraphs":true,"m_FxEnabled":true},"in2DMode":false,"pivot":{"x":-39.648502349853519,"y":-62.33380126953125,"z":1362.572998046875},"rotation":{"x":0.022807564586400987,"y":-0.0096882414072752,"z":0.0002196300629293546,"w":0.9997190833091736},"size":687.2288818359375,"orthographic":false}